[{"id":1,"date":"22/7/2023","time":"22:32:04","PL":"$975.66","tags":[{"text": "Violet"},{"text": "Teal"}],"notes":"Other complications specific to multiple gestation, first trimester, fetus 1","status":true},
{"id":2,"date":"26/9/2023","time":"11:16:17","PL":"$-188.47","tags":[{"text": "Violet"}],"notes":"Corrosion of first degree of right shoulder, subsequent encounter","status":true},
{"id":3,"date":"12/7/2023","time":"18:30:08","PL":"$-82.77","tags":[{"text": "Violet"},{"text": "Teal"},{"text": "Pink"},{"text": "red"}],"notes":"Displacement of unspecified vascular grafts, subsequent encounter","status":true},
{"id":4,"date":"16/2/2024","time":"10:48:10","PL":"$294.76","tags":[{"text": "Violet"},{"text": "Teal"}],"notes":"Post-traumatic urethral stricture, male, meatal","status":true},
{"id":5,"date":"26/10/2023","time":"23:20:48","PL":"$-374.86","tags":[{"text": "Violet"},{"text": "Teal"},{"text": "Pink"},{"text": "red"}],"notes":"Underdosing of emetics, subsequent encounter","status":true},
{"id":6,"date":"26/4/2024","time":"4:34:28","PL":"$370.00","tags":[{"text": "Violet"},{"text": "Teal"},{"text": "Pink"},{"text":"Pink"},{"text": "Khaki"}],"notes":"Systemic disorders of connective tissue in other diseases classified elsewhere","status":true},
{"id":7,"date":"6/12/2023","time":"9:04:09","PL":"$987.92","tags":[{"text": "Violet"},{"text": "Teal"}],"notes":"Fall on or from playground slide, subsequent encounter","status":true},
{"id":8,"date":"14/12/2023","time":"10:56:25","PL":"$-942.40","tags":[{"text": "Violet"},{"text": "Teal"},{"text": "Pink"},{"text":"Pink"},{"text": "Khaki"}],"notes":"Displaced segmental fracture of shaft of unspecified femur, subsequent encounter for open fracture type I or II with nonunion","status":true},
{"id":9,"date":"6/12/2023","time":"22:37:10","PL":"$745.69","tags":[{"text": "Violet"},{"text": "Teal"},{"text": "Pink"},{"text": "red"}],"notes":"Major laceration of left internal jugular vein, initial encounter","status":true},
{"id":10,"date":"17/6/2023","time":"0:12:58","PL":"$-28.33","tags":[{"text": "Violet"}],"notes":"Other intraarticular fracture of lower end of right radius, subsequent encounter for closed fracture with malunion","status":true},
{"id":11,"date":"1/10/2023","time":"4:51:19","PL":"$324.63","tags":[{"text": "Violet"},{"text": "Teal"},{"text": "Pink"},{"text": "red"}],"notes":"Poisoning by iminostilbenes, undetermined","status":true},
{"id":12,"date":"1/8/2023","time":"3:36:01","PL":"$163.38","tags":[{"text": "Violet"},{"text": "Teal"},{"text": "Pink"},{"text": "red"}],"notes":"Burn of second degree of left thigh","status":true},
{"id":13,"date":"23/10/2023","time":"0:12:21","PL":"$-938.82","tags":[{"text": "Violet"},{"text": "Teal"},{"text": "Pink"},{"text":"Pink"},{"text": "Khaki"}],"notes":"Puncture wound without foreign body of unspecified great toe without damage to nail, sequela","status":true},
{"id":14,"date":"1/5/2023","time":"14:36:44","PL":"$-431.36","tags":[{"text": "Violet"},{"text": "Teal"}],"notes":"Subluxation of T9/T10 thoracic vertebra, initial encounter","status":true},
{"id":15,"date":"15/12/2023","time":"4:43:45","PL":"$110.00","tags":[{"text": "Violet"},{"text": "Teal"},{"text": "Pink"},{"text": "red"}],"notes":"Partial traumatic transphalangeal amputation of right index finger, initial encounter","status":true},
{"id":16,"date":"15/2/2024","time":"1:54:49","PL":"$783.95","tags":[{"text": "Violet"},{"text": "Teal"},{"text": "Pink"}],"notes":"Diabetes mellitus due to underlying condition with other diabetic ophthalmic complication","status":true},
{"id":17,"date":"3/5/2023","time":"9:08:31","PL":"$-401.04","tags":[{"text": "Violet"},{"text": "Teal"},{"text": "Pink"}],"notes":"Unspecified subluxation of right sternoclavicular joint, subsequent encounter","status":true},
{"id":18,"date":"9/7/2023","time":"2:48:42","PL":"$203.55","tags":[{"text": "Violet"}],"notes":"Unspecified injury of unspecified renal artery, sequela","status":true},
{"id":19,"date":"9/5/2023","time":"13:47:03","PL":"$72.66","tags":[{"text": "Violet"},{"text": "Teal"},{"text": "Pink"},{"text":"Pink"},{"text": "Khaki"}],"notes":"Other mechanical complication of internal fixation device of vertebrae, initial encounter","status":true},
{"id":20,"date":"20/6/2023","time":"23:21:49","PL":"$-984.64","tags":[{"text": "Violet"},{"text": "Teal"},{"text": "Pink"}],"notes":"Nondisplaced transverse fracture of shaft of right tibia, subsequent encounter for open fracture type I or II with nonunion","status":true},
{"id":21,"date":"22/12/2023","time":"1:11:05","PL":"$61.01","tags":[{"text": "Violet"},{"text": "Teal"},{"text": "Pink"},{"text":"Pink"},{"text": "Khaki"}],"notes":"Injury of left internal carotid artery, intracranial portion, not elsewhere classified without loss of consciousness, sequela","status":true},
{"id":22,"date":"10/11/2023","time":"4:11:18","PL":"$451.80","tags":[{"text": "Violet"},{"text": "Teal"},{"text": "Pink"}],"notes":"Unspecified fracture of shaft of humerus, right arm, subsequent encounter for fracture with routine healing","status":true},
{"id":23,"date":"30/9/2023","time":"8:42:18","PL":"$278.40","tags":[{"text": "Violet"},{"text": "Teal"},{"text": "Pink"}],"notes":"Displaced fracture of lateral condyle of right femur, initial encounter for closed fracture","status":true},
{"id":24,"date":"17/8/2023","time":"4:02:10","PL":"$-729.36","tags":[{"text": "Violet"},{"text": "Teal"},{"text": "Pink"}],"notes":"Other burn on board passenger vessel, subsequent encounter","status":true},
{"id":25,"date":"21/12/2023","time":"23:25:01","PL":"$366.82","tags":[{"text": "Violet"},{"text": "Teal"},{"text": "Pink"},{"text": "red"}],"notes":"Garden or yard of boarding-house as the place of occurrence of the external cause","status":true},
{"id":26,"date":"13/5/2023","time":"15:34:25","PL":"$128.38","tags":[{"text": "Violet"},{"text": "Teal"},{"text": "Pink"},{"text":"Pink"},{"text": "Khaki"}],"notes":"Nondisplaced oblique fracture of shaft of unspecified ulna, subsequent encounter for open fracture type I or II with delayed healing","status":true},
{"id":27,"date":"2/1/2024","time":"20:44:36","PL":"$-217.34","tags":[{"text": "Violet"}],"notes":"Other specified fracture of right acetabulum, subsequent encounter for fracture with routine healing","status":true},
{"id":28,"date":"12/3/2024","time":"23:07:13","PL":"$738.37","tags":[{"text": "Violet"},{"text": "Teal"},{"text": "Pink"}],"notes":"Burn of second degree of unspecified shoulder","status":true},
{"id":29,"date":"13/10/2023","time":"22:22:00","PL":"$243.23","tags":[{"text": "Violet"},{"text": "Teal"},{"text": "Pink"},{"text":"Pink"},{"text": "Khaki"}],"notes":"Fracture of lesser tuberosity of humerus","status":true},
{"id":30,"date":"10/9/2023","time":"11:35:16","PL":"$-743.00","tags":[{"text": "Violet"},{"text": "Teal"}],"notes":"Poisoning by local astringents and local detergents, intentional self-harm, subsequent encounter","status":true},
{"id":31,"date":"8/4/2024","time":"1:07:22","PL":"$-371.43","tags":[{"text": "Violet"},{"text": "Teal"}],"notes":"Displaced fracture of shaft of unspecified clavicle, subsequent encounter for fracture with routine healing","status":true},
{"id":32,"date":"23/1/2024","time":"7:22:24","PL":"$-373.13","tags":[{"text": "Violet"},{"text": "Teal"}],"notes":"Personal history of (corrected) congenital malformations of genitourinary system","status":true},
{"id":33,"date":"29/10/2023","time":"15:26:16","PL":"$-143.38","tags":[{"text": "Violet"}],"notes":"Encounter for adjustment and management of cardiac pacemaker","status":true},
{"id":34,"date":"18/7/2023","time":"0:48:41","PL":"$787.71","tags":[{"text": "Violet"},{"text": "Teal"},{"text": "Pink"},{"text":"Pink"},{"text": "Khaki"}],"notes":"Acute hematogenous osteomyelitis, ankle and foot","status":true},
{"id":35,"date":"29/2/2024","time":"10:03:40","PL":"$759.97","tags":[{"text": "Violet"},{"text": "Teal"},{"text": "Pink"},{"text":"Pink"},{"text": "Khaki"}],"notes":"Intermittent alternating esotropia","status":true},
{"id":36,"date":"14/11/2023","time":"0:05:33","PL":"$971.09","tags":[{"text": "Violet"},{"text": "Teal"},{"text": "Pink"}],"notes":"Other chronic hematogenous osteomyelitis, right hand","status":true},
{"id":37,"date":"20/8/2023","time":"3:12:29","PL":"$815.15","tags":[{"text": "Violet"},{"text": "Teal"},{"text": "Pink"},{"text":"Pink"},{"text": "Khaki"}],"notes":"Suberosis","status":true},
{"id":38,"date":"31/1/2024","time":"1:31:28","PL":"$802.45","tags":[{"text": "Violet"}],"notes":"Other malignant neuroendocrine tumors","status":true},
{"id":39,"date":"7/4/2024","time":"10:13:32","PL":"$482.86","tags":[{"text": "Violet"},{"text": "Teal"},{"text": "Pink"},{"text":"Pink"},{"text": "Khaki"}],"notes":"Unspecified occupant of three-wheeled motor vehicle injured in collision with pedestrian or animal in traffic accident","status":true},
{"id":40,"date":"13/10/2023","time":"7:36:42","PL":"$384.05","tags":[{"text": "Violet"},{"text": "Teal"}],"notes":"Malignant poorly differentiated neuroendocrine tumors","status":true},
{"id":41,"date":"23/8/2023","time":"22:42:33","PL":"$567.07","tags":[{"text": "Violet"},{"text": "Teal"},{"text": "Pink"},{"text": "red"}],"notes":"Type 1 diabetes mellitus with kidney complications","status":true},
{"id":42,"date":"29/8/2023","time":"12:35:30","PL":"$-999.52","tags":[{"text": "Violet"},{"text": "Teal"},{"text": "Pink"}],"notes":"Solitary bone cyst, unspecified hand","status":true},
{"id":43,"date":"5/6/2023","time":"7:09:20","PL":"$-267.65","tags":[{"text": "Violet"},{"text": "Teal"},{"text": "Pink"}],"notes":"Underdosing of other antidysrhythmic drugs, subsequent encounter","status":true},
{"id":44,"date":"15/6/2023","time":"7:27:51","PL":"$-844.60","tags":[{"text": "Violet"}],"notes":"Adverse effect of antirheumatics, not elsewhere classified, initial encounter","status":true},
{"id":45,"date":"16/10/2023","time":"18:40:06","PL":"$293.55","tags":[{"text": "Violet"},{"text": "Teal"},{"text": "Pink"}],"notes":"Stepmother, perpetrator of maltreatment and neglect","status":true},
{"id":46,"date":"2/2/2024","time":"10:05:10","PL":"$-717.16","tags":[{"text": "Violet"},{"text": "Teal"},{"text": "Pink"}],"notes":"Tarsal tunnel syndrome, right lower limb","status":true},
{"id":47,"date":"17/2/2024","time":"22:44:55","PL":"$-417.95","tags":[{"text": "Violet"}],"notes":"Adjustment insomnia","status":true},
{"id":48,"date":"17/3/2024","time":"10:10:03","PL":"$542.91","tags":[{"text": "Violet"}],"notes":"Fetal anemia and thrombocytopenia, second trimester, fetus 3","status":true},
{"id":49,"date":"6/11/2023","time":"22:39:27","PL":"$-210.37","tags":[{"text": "Violet"},{"text": "Teal"},{"text": "Pink"},{"text":"Pink"},{"text": "Khaki"}],"notes":"Infection and inflammatory reaction due to other internal prosthetic devices, implants and grafts","status":true},
{"id":50,"date":"15/8/2023","time":"13:01:23","PL":"$-118.78","tags":[{"text": "Violet"},{"text": "Teal"},{"text": "Pink"},{"text": "red"}],"notes":"Displaced supracondylar fracture without intracondylar extension of lower end of right femur, subsequent encounter for open fracture type IIIA, IIIB, or IIIC with malunion","status":true},
{"id":51,"date":"12/4/2024","time":"22:16:28","PL":"$-812.62","tags":[{"text": "Violet"},{"text": "Teal"},{"text": "Pink"}],"notes":"Salter-Harris Type II physeal fracture of unspecified calcaneus","status":true},
{"id":52,"date":"21/4/2024","time":"8:18:48","PL":"$7.50","tags":[{"text": "Violet"},{"text": "Teal"},{"text": "Pink"},{"text": "red"}],"notes":"Type 2 diabetes mellitus with stable proliferative diabetic retinopathy, right eye","status":true},
{"id":53,"date":"16/4/2024","time":"7:08:17","PL":"$712.74","tags":[{"text": "Violet"},{"text": "Teal"}],"notes":"Inferior dislocation of unspecified acromioclavicular joint, initial encounter","status":true},
{"id":54,"date":"18/7/2023","time":"3:31:15","PL":"$-858.24","tags":[{"text": "Violet"}],"notes":"Displacement of implanted electronic neurostimulator of peripheral nerve electrode (lead), subsequent encounter","status":true},
{"id":55,"date":"9/5/2023","time":"7:19:29","PL":"$-666.38","tags":[{"text": "Violet"},{"text": "Teal"}],"notes":"Premature separation of placenta with coagulation defect, unspecified, unspecified trimester","status":true},
{"id":56,"date":"12/10/2023","time":"5:24:20","PL":"$-824.05","tags":[{"text": "Violet"},{"text": "Teal"}],"notes":"Sprain of unspecified ligament of right ankle, subsequent encounter","status":true},
{"id":57,"date":"8/7/2023","time":"1:27:52","PL":"$318.57","tags":[{"text": "Violet"},{"text": "Teal"},{"text": "Pink"}],"notes":"Displaced fracture of distal phalanx of right great toe, subsequent encounter for fracture with malunion","status":true},
{"id":58,"date":"27/3/2024","time":"23:39:48","PL":"$686.04","tags":[{"text": "Violet"}],"notes":"Strain of muscle, fascia and tendon of long head of biceps, unspecified arm, sequela","status":true},
{"id":59,"date":"1/6/2023","time":"0:44:53","PL":"$-137.32","tags":[{"text": "Violet"},{"text": "Teal"},{"text": "Pink"},{"text": "red"}],"notes":"Exposure to excessive natural cold, subsequent encounter","status":true},
{"id":60,"date":"24/6/2023","time":"8:25:17","PL":"$866.94","tags":[{"text": "Violet"},{"text": "Teal"},{"text": "Pink"}],"notes":"Unspecified fracture of lower end of right tibia, initial encounter for open fracture type IIIA, IIIB, or IIIC","status":true},
{"id":61,"date":"3/9/2023","time":"10:34:09","PL":"$-360.38","tags":[{"text": "Violet"},{"text": "Teal"},{"text": "Pink"},{"text":"Pink"},{"text": "Khaki"}],"notes":"Abnormal cytological finding on antenatal screening of mother","status":true},
{"id":62,"date":"7/5/2023","time":"15:57:26","PL":"$988.14","tags":[{"text": "Violet"}],"notes":"Bitten by squirrel, initial encounter","status":true},
{"id":63,"date":"4/6/2023","time":"3:34:04","PL":"$-200.34","tags":[{"text": "Violet"}],"notes":"Unstable burst fracture of first thoracic vertebra, initial encounter for open fracture","status":true},
{"id":64,"date":"19/4/2024","time":"15:29:27","PL":"$643.09","tags":[{"text": "Violet"}],"notes":"Angiostrongyliasis due to Parastrongylus cantonensis","status":true},
{"id":65,"date":"18/5/2023","time":"7:13:48","PL":"$603.23","tags":[{"text": "Violet"},{"text": "Teal"}],"notes":"Chronic myelomonocytic leukemia, in relapse","status":true},
{"id":66,"date":"19/5/2023","time":"22:55:29","PL":"$-535.52","tags":[{"text": "Violet"},{"text": "Teal"}],"notes":"Connective tissue and disc stenosis of intervertebral foramina of sacral region","status":true},
{"id":67,"date":"23/8/2023","time":"17:43:47","PL":"$226.54","tags":[{"text": "Violet"},{"text": "Teal"},{"text": "Pink"}],"notes":"Activity, other involving computer technology and electronic devices","status":true},
{"id":68,"date":"5/8/2023","time":"9:28:43","PL":"$-547.30","tags":[{"text": "Violet"},{"text": "Teal"},{"text": "Pink"}],"notes":"Traumatic hemorrhage of left cerebrum with loss of consciousness of any duration with death due to other cause prior to regaining consciousness","status":true},
{"id":69,"date":"18/8/2023","time":"9:38:33","PL":"$977.57","tags":[{"text": "Violet"},{"text": "Teal"},{"text": "Pink"},{"text":"Pink"},{"text": "Khaki"}],"notes":"Unspecified injury of quadriceps muscle, fascia and tendon","status":true},
{"id":70,"date":"26/8/2023","time":"22:44:36","PL":"$-365.91","tags":[{"text": "Funny"}],"notes":"Other mechanical complication of unspecified cardiac device","status":true},
{"id":71,"date":"4/3/2024","time":"13:17:44","PL":"$-794.98","tags":[{"text": "Funny"}],"notes":"Rotaviral enteritis","status":true},
{"id":72,"date":"13/11/2023","time":"13:55:57","PL":"$-656.60","tags":[{"text": "Violet"},{"text": "Teal"}],"notes":"Unspecified fracture of lower end of left ulna","status":true},
{"id":73,"date":"20/3/2024","time":"0:05:00","PL":"$-642.31","tags":[{"text": "Violet"},{"text": "Teal"},{"text": "Pink"},{"text":"Pink"},{"text": "Khaki"}],"notes":"Displaced segmental fracture of shaft of humerus, unspecified arm, subsequent encounter for fracture with malunion","status":true},
{"id":74,"date":"17/6/2023","time":"13:13:26","PL":"$207.88","tags":[{"text": "Violet"},{"text": "Teal"},{"text": "Pink"},{"text":"Pink"},{"text": "Khaki"}],"notes":"Contaminated medical or biological substance administered by other means","status":true},
{"id":75,"date":"1/7/2023","time":"22:42:24","PL":"$-380.11","tags":[{"text": "Violet"},{"text": "Teal"},{"text": "Pink"},{"text":"Pink"},{"text": "Khaki"}],"notes":"Displacement of carotid arterial graft (bypass), subsequent encounter","status":true},
{"id":76,"date":"10/11/2023","time":"1:47:48","PL":"$531.36","tags":[{"text": "Violet"},{"text": "Teal"}],"notes":"Displaced fracture of right tibial spine, subsequent encounter for open fracture type IIIA, IIIB, or IIIC with routine healing","status":true},
{"id":77,"date":"22/3/2024","time":"4:57:20","PL":"$475.65","tags":[{"text": "Violet"},{"text": "Teal"},{"text": "Pink"},{"text": "red"}],"notes":"Congenital malformations of ear causing impairment of hearing","status":true},
{"id":78,"date":"2/10/2023","time":"5:52:02","PL":"$-200.63","tags":[{"text": "Violet"},{"text": "Teal"},{"text": "Pink"},{"text": "red"}],"notes":"Burn of third degree of other site of trunk, sequela","status":true},
{"id":79,"date":"26/2/2024","time":"8:31:04","PL":"$948.63","tags":[{"text": "Violet"},{"text": "Teal"},{"text": "Pink"},{"text":"Pink"},{"text": "Khaki"}],"notes":"Mammary duct ectasia of unspecified breast","status":true},
{"id":80,"date":"13/10/2023","time":"9:54:15","PL":"$346.47","tags":[{"text": "Violet"},{"text": "Teal"},{"text": "Pink"},{"text":"Pink"},{"text": "Khaki"}],"notes":"Pressure collapse of lung due to anesthesia during pregnancy, first trimester","status":true},
{"id":81,"date":"30/3/2024","time":"12:44:11","PL":"$-130.64","tags":[{"text": "Violet"},{"text": "Teal"},{"text": "Pink"},{"text":"Pink"},{"text": "Khaki"}],"notes":"Laceration of other blood vessels of thorax, right side, sequela","status":true},
{"id":82,"date":"26/5/2023","time":"1:28:13","PL":"$-63.69","tags":[{"text": "Funny"}],"notes":"Traumatic rupture of collateral ligament of right wrist, initial encounter","status":true},
{"id":83,"date":"13/2/2024","time":"9:53:54","PL":"$491.24","tags":[{"text": "Violet"},{"text": "Teal"},{"text": "Pink"}],"notes":"Crushing injury of left forearm, initial encounter","status":true},
{"id":84,"date":"12/1/2024","time":"12:15:06","PL":"$-430.34","tags":[{"text": "Violet"},{"text": "Teal"},{"text": "Pink"}],"notes":"Toxic effect of smoke, accidental (unintentional), subsequent encounter","status":true},
{"id":85,"date":"25/5/2023","time":"18:26:43","PL":"$671.95","tags":[{"text": "Violet"},{"text": "Teal"},{"text": "Pink"},{"text": "red"}],"notes":"Salter-Harris Type III physeal fracture of phalanx of unspecified toe, subsequent encounter for fracture with malunion","status":true},
{"id":86,"date":"27/6/2023","time":"23:56:46","PL":"$561.46","tags":[{"text": "Violet"},{"text": "Teal"},{"text": "Pink"},{"text": "red"}],"notes":"Exposure to excessive natural heat, subsequent encounter","status":true},
{"id":87,"date":"21/11/2023","time":"9:30:04","PL":"$-535.55","tags":[{"text": "Funny"}],"notes":"Kaschin-Beck disease, unspecified hip","status":true},
{"id":88,"date":"12/12/2023","time":"5:48:41","PL":"$456.22","tags":[{"text": "Violet"},{"text": "Teal"},{"text": "Pink"},{"text": "red"}],"notes":"Vascular dementia","status":true},
{"id":89,"date":"14/5/2023","time":"7:19:17","PL":"$352.75","tags":[{"text": "Violet"},{"text": "Teal"},{"text": "Pink"},{"text": "red"}],"notes":"Nondisplaced segmental fracture of shaft of radius, right arm, subsequent encounter for open fracture type IIIA, IIIB, or IIIC with delayed healing","status":true},
{"id":90,"date":"25/8/2023","time":"23:40:06","PL":"$-418.69","tags":[{"text": "Violet"},{"text": "Teal"},{"text": "Pink"},{"text":"Pink"},{"text": "Khaki"}],"notes":"Nondisplaced segmental fracture of shaft of unspecified femur, subsequent encounter for open fracture type I or II with routine healing","status":true},
{"id":91,"date":"11/2/2024","time":"4:14:42","PL":"$-374.35","tags":[{"text": "Violet"},{"text": "Teal"}],"notes":"Arthropathy following intestinal bypass, elbow","status":true},
{"id":92,"date":"14/11/2023","time":"11:07:09","PL":"$-238.30","tags":[{"text": "Violet"},{"text": "Teal"}],"notes":"Atherosclerosis of unspecified type of bypass graft(s) of the left leg with ulceration","status":true},
{"id":93,"date":"29/4/2024","time":"4:47:37","PL":"$-665.47","tags":[{"text": "Violet"},{"text": "Teal"},{"text": "Pink"}],"notes":"Atopic neurodermatitis","status":true},
{"id":94,"date":"7/7/2023","time":"19:12:36","PL":"$560.69","tags":[{"text": "Violet"},{"text": "Teal"}],"notes":"Other foreign body or object entering through skin, subsequent encounter","status":true},
{"id":95,"date":"15/4/2024","time":"0:26:45","PL":"$-34.28","tags":[{"text": "Violet"},{"text": "Teal"}],"notes":"Erosion of implanted vaginal mesh to surrounding organ or tissue, subsequent encounter","status":true},
{"id":96,"date":"13/10/2023","time":"21:20:30","PL":"$916.41","tags":[{"text": "Violet"},{"text": "Teal"},{"text": "Pink"},{"text": "red"}],"notes":"Unspecified car occupant injured in collision with two- or three-wheeled motor vehicle in nontraffic accident, sequela","status":true},
{"id":97,"date":"15/5/2023","time":"15:47:26","PL":"$-361.94","tags":[{"text": "Violet"},{"text": "Teal"},{"text": "Pink"},{"text":"Pink"},{"text": "Khaki"}],"notes":"Displaced trimalleolar fracture of right lower leg, subsequent encounter for open fracture type IIIA, IIIB, or IIIC with delayed healing","status":true},
{"id":98,"date":"28/5/2023","time":"19:04:25","PL":"$455.53","tags":[{"text": "Violet"},{"text": "Teal"},{"text": "Pink"},{"text":"Pink"},{"text": "Khaki"}],"notes":"Injury of optic tract and pathways, left eye, subsequent encounter","status":true},
{"id":99,"date":"12/7/2023","time":"11:18:40","PL":"$-787.77","tags":[{"text": "Violet"},{"text": "Teal"}],"notes":"Dislocation of unspecified interphalangeal joint of other finger, initial encounter","status":true},
{"id":100,"date":"23/6/2023","time":"4:28:56","PL":"$-112.01","tags":[{"text": "Violet"},{"text": "Teal"},{"text": "Pink"}],"notes":"Passenger of military vehicle injured in nontraffic accident","status":true}]